{"cameraMode":{"drawMode":0,"name":"Shaded","section":"Shading Mode"},"sceneLighting":false,"audioPlay":false,"sceneViewState":{"m_AlwaysRefresh":false,"showFog":true,"showSkybox":false,"showFlares":true,"showImageEffects":true,"showParticleSystems":true,"showVisualEffectGraphs":true,"m_FxEnabled":true},"in2DMode":false,"pivot":{"x":370.55999755859377,"y":18.780000686645509,"z":-50.58599853515625},"rotation":{"x":-0.025874808430671693,"y":-0.7009894251823425,"z":0.025462260469794275,"w":-0.7122855186462402},"size":0.8660253882408142,"orthographic":false}