{"cameraMode":{"drawMode":0,"name":"Shaded","section":"Shading Mode"},"sceneLighting":false,"audioPlay":false,"sceneViewState":{"m_AlwaysRefresh":false,"showFog":true,"showSkybox":false,"showFlares":true,"showImageEffects":true,"showParticleSystems":true,"showVisualEffectGraphs":true,"m_FxEnabled":true},"in2DMode":false,"pivot":{"x":370.55999755859377,"y":18.780000686645509,"z":-50.58599853515625},"rotation":{"x":0.004169543739408255,"y":0.0994330495595932,"z":0.0004183228884357959,"w":-0.9950432777404785},"size":0.8660253882408142,"orthographic":false}